Player,Player ID
RieNs,10971
benjyfishy,29873
Boo,1144
Wo0t,21328
MiniBoo,18350
f0rsakeN,9801
PatMen,13744
Jinggg,7378
something,17086
d4v41,9803
rushia,48878
whzy,4885
Levius,40845
nephh,10698
Knight,4774
Keiko,11494
paTiTek,309
kamo,14681
penny,7716
Serial,18162
N4RRATE,36245
johnqt,1265
bang,3880
zekken,4004
Zellsis,729
SiuFatBB,7849
Juicy,7426
Spring,14125
Lysoar,37489
Yuicaw,11218
Foxy9,11600
Karon,34974
Ash,25017
t3xture,9196
Munchkin,2489
Verno,21668
cortezia,5395
xenom,20240
aspas,8480
artzin,5957
nAts,457
jawgemo,3993
trent,15500
JonahP,4581
leaf,7873
valyn,3885
happywei,37927
Rarga,22047
coconut,12365
Midi,37017
Viva,36415
Kushy,4866
Monyet,8497
Jemkin,24895
crazyguy,1430
xffero,4871
crashies,4
kaajak,9554
Chronicle,458
Boaster,438
Alfajer,9810
Sayf,312
CyvOph,13258
Less,8447
Kicks,11134
Derke,5022
westside,34684
Cloud,4181
runneR,21610
purp0,1885
tomaszy,19691
LewN,20144
Jamppi,9780
MAGNUM,2173
sociablEE,5568
PROFEK,5554
Elite,16459
Avez,5654
marteen,10307
SUYGETSU,2858
saadhak,727
AvovA,1507
MOLSI,1281
Governor,3980
florescent,17976
batujnax,18615
xeus,12793
MrFaliN,8044
AtaKaptan,6510
yetujey,8369
qRaxs,1139
Filu,4544
flyuh,3685
soulcas,101
grubinho,5550
sheydos,1428
koalanoob,3722
Shao,384
Ruxic,18677
hiro,29867
ANGE1,109
Minny,23169
Kada,20871
Zyppan,11
kamyk,1475
Click,7866
ara,11332
Flickless,6959
Akame,13002
Meiy,6672
Jinboong,4052
gyen,48577
Art,10627
Kr1stal,5796
kellyS,7437
Papi,13219
UdoTan,4428
yokam,44259
Meteor,13039
BuZz,804
Sylvan,4056
iZu,29833
stax,485
SugarZ3ro,6668
SyouTa,12990
Xdll,25221
CLZ,2615
Dep,424
BeYN,4678
Flashback,35013
HYUNMIN,28400
MaKo,4462
free1ng,1916
mindfreak,9800
Killua,13784
primmie,25255
thyy,42901
JitBoyS,13788
Crws,3977
invy,8504
Jremy,7405
Wild0reoo,9740
JessieVash,2334
2GE,9735
Suggest,4559
dos9,16215
NcSlasher,7043
BerserX,4874
Shiro,10739
Famouz,2348
Persia,4122
Dambi,31827
Ivy,31829
margaret,33576
Francis,31828
Estrella,25025
Deryeon,9152
TenTen,29839
YOU,4710
Kai,37494
heybay,4712
FengF,4770
LuoK1ng,3045
Biank,3021
HanChe,42537
K1ra,46748
player,46749
Lsn,50080
deLb,10821
vo0kashu,3741
Flex1n,4705
SpiritZ1,31753
Nicc,11524
Cangshu,46527
Ezeir,46460
OBONE,36670
CB,39697
GuanG,41054
o0o0o,4402
slowly,41739
Ninebody,3547
5CM,47101
waituu,47102
zjc,7135
ZmjjKK,3520
nobody,3017
Smoggy,4742
S1Mon,13768
CHICHOO,15559
stew,16924
Babyblue,15302
Z1yan,41029
jkuro,3519
MrCANI,37674
yosemite,6022
AAAAY,19530
Autumn,872
Life,3028
Shr1mp,25494
Rb,488
Abo,5011
Coco,47629
Haodong,4720
TvirusLuke,7841
Jieni7,51244
XII,13781
Bai,52101
Scales,39485
neT,6582
mitch,612
Xeppaa,7871
v1c,17433
OXY,18796
s0m,4164
brawk,2172
Ethan,11225
FiNESSE,817
mada,5132
adverso,3826
Melser,1311
keznit,2462
Shyy,24007
Mazino,7603
cauanzin,6193
dgzin,8873
pANcada,683
tuyz,2408
v1nny,1586
pryze,662
raafa,25743
Khalil,1711
havoc,8706
heat,8673
C0M,619
Rossy,1129
kiNgg,8549
tex,1818
Demon1,26171
Zap,3169
gobera,14950
Askia,20238
lz,6195
silentzz,11921
yay,881
NaturE,4927
icy,8402
supamen,826
Derrek,1533
eeiu,796
Asuna,601
zander,8082
Boostio,604
Cryocells,4147
PxS,13823
lukxo,28716
trexx,2168
carpe,31207
TenZ,9
KOHAL,29260
Doenmo,9783
karsaj,
SuperBusS,4375
MintAuka,18133
cgrs,24679
heart bus,
vakk,172
oderus,1851
hype,129
RobbieBk,5893
ban,5129
yoman,25081
nzr,725
bdog,844
Add3r,4931
stellar,733
jakee,8742
nataNk,5004
mwzera,939
Eren,14444
Dynamite,42235
B1ack,30526
monk,14431
nizhaoTZH,4880
SWERL,1209
BerLIN,7857
bunt,25949
